<?xml version="1.0" encoding="UTF-8"?>
<configurationDescriptor version="65">
  <logicalFolder name="root" displayName="root" projectFiles="true">
    <logicalFolder name="HeaderFiles"
                   displayName="Header Files"
                   projectFiles="true">
      <itemPath>C:/Users/dylan/Downloads/LAB2 - Copy (2)/LAB2 - Copy (2)/L02_816008623.X/FreeRTOSConfig.h</itemPath>
      <itemPath>C:/Users/dylan/Downloads/LAB2 - Copy (2)/LAB2 - Copy (2)/L02_816008623.X/stdint.h</itemPath>
      <itemPath>C:/Users/dylan/Downloads/LAB2 - Copy (2)/LAB2 - Copy (2)/L02_816008623.X/timers.h</itemPath>
      <itemPath>C:/Users/dylan/Downloads/LAB2 - Copy (2)/LAB2 - Copy (2)/L02_816008623.X/xlcd_lab1.h</itemPath>
    </logicalFolder>
    <logicalFolder name="LinkerScript"
                   displayName="Linker Files"
                   projectFiles="true">
      <itemPath>C:/Users/dylan/Downloads/LAB2 - Copy (2)/LAB2 - Copy (2)/L02_816008623.X/uc-18f452i.lkr</itemPath>
    </logicalFolder>
    <logicalFolder name="SourceFiles"
                   displayName="Source Files"
                   projectFiles="true">
      <itemPath>C:/Users/dylan/Downloads/LAB2 - Copy (2)/LAB2 - Copy (2)/L02_816008623.X/busyxlcd.c</itemPath>
      <itemPath>C:/Users/dylan/Downloads/LAB2 - Copy (2)/LAB2 - Copy (2)/L02_816008623.X/code_lab2_2.c</itemPath>
      <itemPath>C:/Users/dylan/Downloads/LAB2 - Copy (2)/LAB2 - Copy (2)/L02_816008623.X/code_lab2_3.c</itemPath>
      <itemPath>C:/Users/dylan/Downloads/LAB2 - Copy (2)/LAB2 - Copy (2)/L02_816008623.X/code_lab2_4.c</itemPath>
      <itemPath>C:/Users/dylan/Downloads/LAB2 - Copy (2)/LAB2 - Copy (2)/L02_816008623.X/code_lab2_5.c</itemPath>
      <itemPath>C:/Users/dylan/Downloads/LAB2 - Copy (2)/LAB2 - Copy (2)/L02_816008623.X/code_lab2_FreeRTOS.c</itemPath>
      <itemPath>C:/Users/dylan/Downloads/LAB2 - Copy (2)/LAB2 - Copy (2)/L02_816008623.X/croutine.c</itemPath>
      <itemPath>C:/Users/dylan/Downloads/LAB2 - Copy (2)/LAB2 - Copy (2)/L02_816008623.X/event_groups.c</itemPath>
      <itemPath>C:/Users/dylan/Downloads/LAB2 - Copy (2)/LAB2 - Copy (2)/L02_816008623.X/heap_1.c</itemPath>
      <itemPath>C:/Users/dylan/Downloads/LAB2 - Copy (2)/LAB2 - Copy (2)/L02_816008623.X/list.c</itemPath>
      <itemPath>C:/Users/dylan/Downloads/LAB2 - Copy (2)/LAB2 - Copy (2)/L02_816008623.X/openxlcd.c</itemPath>
      <itemPath>C:/Users/dylan/Downloads/LAB2 - Copy (2)/LAB2 - Copy (2)/L02_816008623.X/port.c</itemPath>
      <itemPath>C:/Users/dylan/Downloads/LAB2 - Copy (2)/LAB2 - Copy (2)/L02_816008623.X/putrsxlcd.c</itemPath>
      <itemPath>C:/Users/dylan/Downloads/LAB2 - Copy (2)/LAB2 - Copy (2)/L02_816008623.X/putsxlcd.c</itemPath>
      <itemPath>C:/Users/dylan/Downloads/LAB2 - Copy (2)/LAB2 - Copy (2)/L02_816008623.X/queue.c</itemPath>
      <itemPath>C:/Users/dylan/Downloads/LAB2 - Copy (2)/LAB2 - Copy (2)/L02_816008623.X/readaddr.c</itemPath>
      <itemPath>C:/Users/dylan/Downloads/LAB2 - Copy (2)/LAB2 - Copy (2)/L02_816008623.X/readdata.c</itemPath>
      <itemPath>C:/Users/dylan/Downloads/LAB2 - Copy (2)/LAB2 - Copy (2)/L02_816008623.X/setcgram.c</itemPath>
      <itemPath>C:/Users/dylan/Downloads/LAB2 - Copy (2)/LAB2 - Copy (2)/L02_816008623.X/setddram.c</itemPath>
      <itemPath>C:/Users/dylan/Downloads/LAB2 - Copy (2)/LAB2 - Copy (2)/L02_816008623.X/stream_buffer.c</itemPath>
      <itemPath>C:/Users/dylan/Downloads/LAB2 - Copy (2)/LAB2 - Copy (2)/L02_816008623.X/tasks.c</itemPath>
      <itemPath>C:/Users/dylan/Downloads/LAB2 - Copy (2)/LAB2 - Copy (2)/L02_816008623.X/wcmdxlcd.c</itemPath>
      <itemPath>C:/Users/dylan/Downloads/LAB2 - Copy (2)/LAB2 - Copy (2)/L02_816008623.X/writdata.c</itemPath>
    </logicalFolder>
    <logicalFolder name="ExternalFiles"
                   displayName="Important Files"
                   projectFiles="false">
      <itemPath>Makefile</itemPath>
    </logicalFolder>
  </logicalFolder>
  <sourceRootList>
    <Elem>C:\Users\dylan\Downloads\LAB2 - Copy (2)\LAB2 - Copy (2)\L02_816008623.X</Elem>
  </sourceRootList>
  <projectmakefile>Makefile</projectmakefile>
  <confs>
    <conf name="default" type="2">
      <toolsSet>
        <developmentServer>localhost</developmentServer>
        <targetDevice>PIC18F452</targetDevice>
        <targetHeader></targetHeader>
        <targetPluginBoard></targetPluginBoard>
        <platformTool>PICkit3PlatformTool</platformTool>
        <languageToolchain>C18</languageToolchain>
        <languageToolchainVersion>3.47</languageToolchainVersion>
        <platform>3</platform>
      </toolsSet>
      <packs>
        <pack name="PIC18Fxxxx_DFP" vendor="Microchip" version="1.0.9"/>
      </packs>
      <compileType>
        <linkerTool>
          <linkerLibItems>
          </linkerLibItems>
        </linkerTool>
        <archiverTool>
        </archiverTool>
        <loading>
          <useAlternateLoadableFile>false</useAlternateLoadableFile>
          <parseOnProdLoad>false</parseOnProdLoad>
          <alternateLoadableFile></alternateLoadableFile>
        </loading>
        <subordinates>
        </subordinates>
      </compileType>
      <makeCustomizationType>
        <makeCustomizationPreStepEnabled>false</makeCustomizationPreStepEnabled>
        <makeCustomizationPreStep></makeCustomizationPreStep>
        <makeCustomizationPostStepEnabled>false</makeCustomizationPostStepEnabled>
        <makeCustomizationPostStep></makeCustomizationPostStep>
        <makeCustomizationPutChecksumInUserID>false</makeCustomizationPutChecksumInUserID>
        <makeCustomizationEnableLongLines>false</makeCustomizationEnableLongLines>
        <makeCustomizationNormalizeHexFile>false</makeCustomizationNormalizeHexFile>
      </makeCustomizationType>
      <C18>
        <property key="code-model" value="mS"/>
        <property key="data-model" value="Oa-"/>
        <property key="default-char-unsigned" value="false"/>
        <property key="enable-all-optimizations" value="true"/>
        <property key="enable-int-promotion" value="false"/>
        <property key="enable-multi-bank-stack-model" value="false"/>
        <property key="enable-ob" value="true"/>
        <property key="enable-od" value="true"/>
        <property key="enable-om" value="true"/>
        <property key="enable-on" value="true"/>
        <property key="enable-op" value="true"/>
        <property key="enable-opa" value="true"/>
        <property key="enable-or" value="true"/>
        <property key="enable-os" value="true"/>
        <property key="enable-ot" value="true"/>
        <property key="enable-ou" value="true"/>
        <property key="enable-ow" value="true"/>
        <property key="extra-include-directories" value=""/>
        <property key="optimization-master" value="Enable all"/>
        <property key="preprocessor-macros" value=""/>
        <property key="procedural-abstraction-passes" value="4"/>
        <property key="storage-class" value="sca"/>
        <property key="verbose" value="false"/>
        <property key="warning-level" value="2"/>
      </C18>
      <C18-AS>
        <property key="cross.reference.file" value=""/>
        <property key="default.radix" value="HEX"/>
        <property key="enable.case.sensitivity" value="true"/>
        <property key="hex.output.format" value="INHX32"/>
        <property key="preprocessor.macros" value=""/>
        <property key="warning.level" value="0"/>
      </C18-AS>
      <C18-LD>
        <property key="cod-file" value="false"/>
        <property key="extra-lib-directories" value=""/>
        <property key="hex-output-format" value="INHX32"/>
        <property key="map-file" value="${DISTDIR}/${PROJECTNAME}.${IMAGE_TYPE}.map"/>
      </C18-LD>
      <C18LanguageToolchain>
        <property key="extended-mode" value="false"/>
        <property key="extended-mode-mcc18" value="false"/>
        <property key="extended-mode-mpasm" value="false"/>
        <property key="extended-mode-mplink" value="false"/>
        <property key="stack-analysis" value="false"/>
        <property key="stack-analysis-mcc18" value="false"/>
        <property key="stack-analysis-mplink" value="false"/>
      </C18LanguageToolchain>
    </conf>
  </confs>
</configurationDescriptor>
